name,load,x,y
CT,900,-96.0426060816279,-102.549055125191
NEMA/BOST,900,58.5569579288026,35.9857605177994
SEMASS,900,90.6574311080364,-51.4207079441946
WCMASS,900,-81.1571428571429,5.68571428571429
ME,900,229.457985313181,386.380513081138
NH,900,24.5154576396158,186.363050447995
RI,900,27.3076354679803,-85.2066502463054
VT,900,-83.2554771678451,244.267347182985
