name,load,x,y
CT,1000,-96.0426060816279,-102.549055125191
NEMA/BOST,1000,58.5569579288026,35.9857605177994
SEMASS,1000,90.6574311080364,-51.4207079441946
WCMASS,1000,-81.1571428571429,5.68571428571429
ME,1000,229.457985313181,386.380513081138
NH,1000,24.5154576396158,186.363050447995
RI,1000,27.3076354679803,-85.2066502463054
VT,1000,-83.2554771678451,244.267347182985
