name,zone_from,zone_to,susceptance,capacity_old,capacity
1,ME,NH,20,219.535,2500
2,VT,NH,25,166,2500
3,VT,WCMASS,16.66666667,373.5,2500
4,WCMASS,NH,33.33333333,122.808,2500
5,WCMASS,CT,100,100,2500
6,WCMASS,RI,33.33333333,100,2500
7,CT,RI,33.33333333,100,2500
8,SEMASS,RI,100,100,2500
9,NEMA/BOST,WCMASS,33.33333333,106.24,2500
10,NEMA/BOST,NH,50,100,2500
11,NEMA/BOST,SEMASS,100,100,2500
12,NEMA/BOST,RI,50,100,2500
