name,load,x,y
CT,831,-96.0426060816279,-102.549055125191
NEMA/BOST,831,58.5569579288026,35.9857605177994
SEMASS,831,90.6574311080364,-51.4207079441946
WCMASS,831,-81.1571428571429,5.68571428571429
ME,831,229.457985313181,386.380513081138
NH,831,24.5154576396158,186.363050447995
RI,831,27.3076354679803,-85.2066502463054
VT,831,-83.2554771678451,244.267347182985
